model,gt_persons_per_frame,frames,tp,fp,fn,ignored_predictions,precision,recall,f1
yolov8x-seg.pt,3,14,42,1,0,17,0.9767441860465116,1.0,0.9882352941176471
yolov8x-seg.pt,4,31,102,8,22,40,0.9272727272727272,0.8225806451612904,0.8717948717948718
yolov8x-seg.pt,5,117,502,40,83,123,0.9261992619926199,0.8581196581196581,0.8908606921029282
yolov8x-seg.pt,6,181,963,86,123,204,0.9180171591992373,0.8867403314917127,0.9021077283372365
yolov8x-seg.pt,7,251,1559,93,198,381,0.9437046004842615,0.8873079112122937,0.9146377236726313
yolov8x-seg.pt,8,368,2625,190,319,381,0.9325044404973357,0.8916440217391305,0.9116166001041848
yolov8x-seg.pt,9,505,3873,321,672,630,0.9234620886981402,0.8521452145214522,0.8863714383796774
yolov8x-seg.pt,10,539,4488,376,902,659,0.9226973684210527,0.8326530612244898,0.8753657109420714
yolov8x-seg.pt,11,313,2625,258,818,374,0.9105098855359001,0.7624164972407784,0.8299083148909263
yolov8x-seg.pt,12,232,2028,225,756,474,0.9001331557922769,0.728448275862069,0.8052412150089339
yolov8x-seg.pt,13,193,1880,175,629,422,0.9148418491484185,0.749302510960542,0.8238387379491674
yolov8x-seg.pt,14,91,912,76,362,256,0.9230769230769231,0.7158555729984302,0.8063660477453581
yolov8x-seg.pt,15,21,229,10,86,87,0.9581589958158996,0.726984126984127,0.8267148014440433
yolov8x-seg.pt,16,6,71,4,25,23,0.9466666666666667,0.7395833333333334,0.8304093567251462
