study_id,schema_version,experiment,tier,family,model,sequence,frames,gt_instances,predictions,tp,fp,fn,precision,recall,f1,ap50,ap75,mask_map50_95,tp_iou_mean,tp_dice_mean,ignored_predictions
yolo_instance_segmentation_mots20_scaling,1.0,YOLO_Large_Seg_MOTS20_Benchmark,largest,YOLO26,YOLO26x-Seg,MOTS20-02,600,7039,8342,5607,344,1432,0.9421945891446816,0.796562011649382,0.8632794457274827,0.8690592583473831,0.4783759298602578,0.48631736489491567,0.7823362333590935,0.8744356283828889,2391
yolo_instance_segmentation_mots20_scaling,1.0,YOLO_Large_Seg_MOTS20_Benchmark,largest,YOLO26,YOLO26x-Seg,MOTS20-05,837,6570,6880,5641,457,929,0.9250573958674976,0.8585996955859969,0.8905904641616672,0.9105367563162389,0.7125914117975243,0.649731825113062,0.8506416141755306,0.9155273668272643,782
yolo_instance_segmentation_mots20_scaling,1.0,YOLO_Large_Seg_MOTS20_Benchmark,largest,YOLO26,YOLO26x-Seg,MOTS20-09,525,4774,5473,4233,201,541,0.9546684709066305,0.8866778382907415,0.9194178974804518,0.9146228954524609,0.7046064877194699,0.6101132541358061,0.8240201658566898,0.9003149638261093,1039
yolo_instance_segmentation_mots20_scaling,1.0,YOLO_Large_Seg_MOTS20_Benchmark,largest,YOLO26,YOLO26x-Seg,MOTS20-11,900,8511,8495,7279,297,1232,0.9607972544878564,0.8552461520385384,0.9049543109342948,0.9203705149172317,0.746006317898914,0.656433015958394,0.8506709721652019,0.9166014666018036,919
yolo_instance_segmentation_mots20_scaling,1.0,YOLO_Large_Seg_MOTS20_Benchmark,largest,YOLO11,YOLO11x-Seg,MOTS20-02,600,7039,7346,5343,336,1696,0.9408346539883783,0.7590566841880949,0.8402264506997955,0.8326945983006856,0.36408622343000285,0.41681473593916174,0.7514886375644309,0.8546608425048614,1667
yolo_instance_segmentation_mots20_scaling,1.0,YOLO_Large_Seg_MOTS20_Benchmark,largest,YOLO11,YOLO11x-Seg,MOTS20-05,837,6570,6620,5515,494,1055,0.9177899816941255,0.8394216133942162,0.8768582558231974,0.8930780326526452,0.6585949281025764,0.6040701958359443,0.8329470598192477,0.9049178277333145,611
yolo_instance_segmentation_mots20_scaling,1.0,YOLO_Large_Seg_MOTS20_Benchmark,largest,YOLO11,YOLO11x-Seg,MOTS20-09,525,4774,5257,4146,244,628,0.9444191343963554,0.8684541265186426,0.9048450458315146,0.8907833000806089,0.5797240007105077,0.5331389794454843,0.7894614204326661,0.8789739506587231,867
yolo_instance_segmentation_mots20_scaling,1.0,YOLO_Large_Seg_MOTS20_Benchmark,largest,YOLO11,YOLO11x-Seg,MOTS20-11,900,8511,8153,7109,370,1402,0.9505281454739939,0.83527200093996,0.8891807379612258,0.8933619063241153,0.6764579388657059,0.5823634982019754,0.8213563140815326,0.8991190688825852,674
yolo_instance_segmentation_mots20_scaling,1.0,YOLO_Large_Seg_MOTS20_Benchmark,largest,YOLOv9,YOLOv9e-Seg,MOTS20-02,600,7039,7835,5424,403,1615,0.9308391968422859,0.7705640005682626,0.8431524949479248,0.8459408968234332,0.3737092744988751,0.42284450581385846,0.7513954429289432,0.8544845080902308,2008
yolo_instance_segmentation_mots20_scaling,1.0,YOLO_Large_Seg_MOTS20_Benchmark,largest,YOLOv9,YOLOv9e-Seg,MOTS20-05,837,6570,6489,5481,363,1089,0.9378850102669405,0.8342465753424657,0.8830352827452875,0.8938493410226884,0.6519113569226646,0.6021198253240554,0.832231154385717,0.9043016312035629,645
yolo_instance_segmentation_mots20_scaling,1.0,YOLO_Large_Seg_MOTS20_Benchmark,largest,YOLOv9,YOLOv9e-Seg,MOTS20-09,525,4774,5294,4113,197,661,0.954292343387471,0.8615416841223292,0.9055482166446499,0.8903224424150247,0.5674049090368587,0.527401909823149,0.788039960996787,0.8780704833327128,984
yolo_instance_segmentation_mots20_scaling,1.0,YOLO_Large_Seg_MOTS20_Benchmark,largest,YOLOv9,YOLOv9e-Seg,MOTS20-11,900,8511,8656,7212,602,1299,0.922958791911953,0.8473739866055693,0.8835528330781011,0.8965131312749289,0.6674113584497305,0.5818630057009012,0.8167154916779128,0.8960148359980267,842
yolo_instance_segmentation_mots20_scaling,1.0,YOLO_Large_Seg_MOTS20_Benchmark,largest,YOLOv8,YOLOv8x-Seg,MOTS20-02,600,7039,7663,5370,641,1669,0.8933621693561803,0.7628924563148174,0.8229885057471265,0.8234823567044507,0.36400222758251033,0.4107869280657733,0.750315393012812,0.8536586911315451,1652
yolo_instance_segmentation_mots20_scaling,1.0,YOLO_Large_Seg_MOTS20_Benchmark,largest,YOLOv8,YOLOv8x-Seg,MOTS20-05,837,6570,6361,5385,417,1185,0.9281282316442606,0.819634703196347,0.8705140640155189,0.8803484702225787,0.6327572436118705,0.5863085143554491,0.8291405226882803,0.9023456821053181,559
yolo_instance_segmentation_mots20_scaling,1.0,YOLO_Large_Seg_MOTS20_Benchmark,largest,YOLOv8,YOLOv8x-Seg,MOTS20-09,525,4774,5486,4088,252,686,0.9419354838709677,0.8563049853372434,0.8970814132104454,0.8833580080081453,0.5590863028350296,0.5218316930836745,0.7873833907622595,0.8775777724093042,1146
yolo_instance_segmentation_mots20_scaling,1.0,YOLO_Large_Seg_MOTS20_Benchmark,largest,YOLOv8,YOLOv8x-Seg,MOTS20-11,900,8511,8323,7056,553,1455,0.9273229070837167,0.8290447655974621,0.8754342431761787,0.8804443748143892,0.6591035133501246,0.5689943193423534,0.8170987041479278,0.8963189747151283,714
