model,sequence,frames,tp,fp,fn,gt_persons,predictions_ap_floor,predictions_at_confidence,ignored_predictions,precision,recall,f1,ap50,ap75,map50_95,ignored_detections_at_ap50,matched_iou_mean,matched_iou_median,matched_iou_std,matched_iou_p25,matched_iou_p75,matched_iou_p50,matched_iou_p95,matched_dice_mean,matched_dice_median,matched_dice_std,matched_dice_p25,matched_dice_p75,matched_dice_p50,matched_dice_p95
yolo26x-seg.pt,MOTS20-02,600,5607,344,1432,7039,67102,8342,2391,0.9421945891446816,0.796562011649382,0.8632794457274827,0.8690592583473831,0.4783759298602578,0.48631736489491567,25351,0.7823362333590935,0.7965046075627582,0.09660850755010099,0.7186861249438694,0.866715067018871,0.7965046075627582,0.9044680632024675,0.8744356283828889,0.8867270411773029,0.06363179464211802,0.8363203894705211,0.9285992086617345,0.8867270411773029,0.9498379947724016
yolo26x-seg.pt,MOTS20-05,837,5641,457,929,6570,44064,6880,782,0.9250573958674976,0.8585996955859969,0.8905904641616672,0.9105367563162389,0.7125914117975243,0.649731825113062,10135,0.8506416141755306,0.8855457227138643,0.1051214848229452,0.7941743827160493,0.9328999790312434,0.8855457227138643,0.9604105905942398,0.9155273668272643,0.9392991239048811,0.0664712715232461,0.8852811525642403,0.9652853113473638,0.9392991239048811,0.9798055521656003
yolo26x-seg.pt,MOTS20-09,525,4233,201,541,4774,29639,5473,1039,0.9546684709066305,0.8866778382907415,0.9194178974804518,0.9146228954524609,0.7046064877194699,0.6101132541358061,10133,0.8240201658566898,0.8489815031608523,0.0952464864311494,0.7764373437669818,0.8977248036750783,0.8489815031608523,0.9302297746002849,0.9003149638261093,0.9183234139546663,0.06154304982621658,0.8741511165494035,0.9461064132550419,0.9183234139546663,0.9638539273130575
yolo26x-seg.pt,MOTS20-11,900,7279,297,1232,8511,63444,8495,919,0.9607972544878564,0.8552461520385384,0.9049543109342948,0.9203705149172317,0.746006317898914,0.656433015958394,23750,0.8506709721652019,0.8744055602975247,0.08896340857475185,0.8163627533276662,0.9141974628097271,0.8744055602975247,0.943742998027489,0.9166014666018036,0.9329950559458756,0.05650283732298569,0.8988983635321448,0.9551757126118783,0.9329950559458756,0.9710573866866139
yolo11x-seg.pt,MOTS20-02,600,5343,336,1696,7039,64598,7346,1667,0.9408346539883783,0.7590566841880949,0.8402264506997955,0.8326945983006856,0.36408622343000285,0.41681473593916174,24347,0.7514886375644309,0.7609789008832188,0.09482421238047786,0.6823062146306007,0.8360569157085408,0.7609789008832188,0.8775284181157226,0.8546608425048614,0.8642680505729511,0.06390102208537954,0.8111557906940908,0.9107091488678105,0.8642680505729511,0.9347697840920433
yolo11x-seg.pt,MOTS20-05,837,5515,494,1055,6570,46189,6620,611,0.9177899816941255,0.8394216133942162,0.8768582558231974,0.8930780326526452,0.6585949281025764,0.6040701958359443,10633,0.8329470598192477,0.8621468926553673,0.1065144977012318,0.7726260127404292,0.9174475472903636,0.8621468926553673,0.9545195306931229,0.9049178277333145,0.9259708737864077,0.06802331810783993,0.8717304238767334,0.9569466956589203,0.9259708737864077,0.9767306140468763
yolo11x-seg.pt,MOTS20-09,525,4146,244,628,4774,32254,5257,867,0.9444191343963554,0.8684541265186426,0.9048450458315146,0.8907833000806089,0.5797240007105077,0.5331389794454843,10611,0.7894614204326661,0.8082002881489703,0.09579705220970086,0.7328478709740555,0.8660029235159737,0.8082002881489703,0.9097955283355774,0.8789739506587231,0.8939278390233225,0.06311821015657167,0.8458305927331169,0.9281903180214921,0.8939278390233225,0.9527674714876603
yolo11x-seg.pt,MOTS20-11,900,7109,370,1402,8511,57327,8153,674,0.9505281454739939,0.83527200093996,0.8891807379612258,0.8933619063241153,0.6764579388657059,0.5823634982019754,18034,0.8213563140815326,0.8413971659076724,0.08898203761449838,0.7808680468944874,0.8867097977974729,0.8413971659076724,0.9249045214644782,0.8991190688825852,0.9138682099501614,0.05740818970981779,0.8769521675187338,0.9399535623683192,0.9138682099501614,0.9609874262902726
yolov8x-seg.pt,MOTS20-02,600,5370,641,1669,7039,71304,7663,1652,0.8933621693561803,0.7628924563148174,0.8229885057471265,0.8234823567044507,0.36400222758251033,0.4107869280657733,24014,0.750315393012812,0.7587613206183865,0.09809342024499305,0.6771564796909076,0.8375351313379924,0.7587613206183865,0.8823202009135064,0.8536586911315451,0.8628360328290648,0.06596167885295,0.8075054268958368,0.9115854342366752,0.8628360328290648,0.9374815189245159
yolov8x-seg.pt,MOTS20-05,837,5385,417,1185,6570,42109,6361,559,0.9281282316442606,0.819634703196347,0.8705140640155189,0.8803484702225787,0.6327572436118705,0.5863085143554491,9710,0.8291405226882803,0.8584918665563827,0.11009811143675367,0.7659655831739962,0.9179986351064976,0.8584918665563827,0.9536538750272884,0.9023456821053181,0.9238586210733227,0.07069786542531699,0.8674750974447814,0.9572463903818424,0.9238586210733227,0.9762772077471857
yolov8x-seg.pt,MOTS20-09,525,4088,252,686,4774,37216,5486,1146,0.9419354838709677,0.8563049853372434,0.8970814132104454,0.8833580080081453,0.5590863028350296,0.5218316930836745,13538,0.7873833907622595,0.8048684060427609,0.09685616661032914,0.7332659330122142,0.864824584088181,0.8048684060427609,0.9080474850025767,0.8775777724093042,0.8918859716720866,0.06415499447663231,0.8461089772917408,0.9275130663405025,0.8918859716720866,0.9518080570451173
yolov8x-seg.pt,MOTS20-11,900,7056,553,1455,8511,73882,8323,714,0.9273229070837167,0.8290447655974621,0.8754342431761787,0.8804443748143892,0.6591035133501246,0.5689943193423534,23167,0.8170987041479278,0.8378906272012734,0.09212761725388749,0.7772604112374486,0.8845404276864441,0.8378906272012734,0.9254709347969944,0.8963189747151283,0.911795963044815,0.05981214080050358,0.8746725086776591,0.9387333002687561,0.911795963044815,0.961293071781211
yolov9e-seg.pt,MOTS20-02,600,5424,403,1615,7039,62934,7835,2008,0.9308391968422859,0.7705640005682626,0.8431524949479248,0.8459408968234332,0.3737092744988751,0.42284450581385846,24294,0.7513954429289432,0.7621047295980037,0.09648900401828014,0.6767521881875254,0.8380640229129257,0.7621047295980037,0.8797032289313713,0.8544845080902308,0.8649936826068836,0.06489569196338224,0.807217897736507,0.9118986198658722,0.8649936826068836,0.9360022528981274
yolov9e-seg.pt,MOTS20-05,837,5481,363,1089,6570,40529,6489,645,0.9378850102669405,0.8342465753424657,0.8830352827452875,0.8938493410226884,0.6519113569226646,0.6021198253240554,9577,0.832231154385717,0.8632265717674971,0.10893113820437217,0.7694080113434952,0.9199385455786958,0.8632265717674971,0.954587807597721,0.9043016312035629,0.9265932386833896,0.06969158504464533,0.8696784533707302,0.9582999911087402,0.9265932386833896,0.9767663584998554
yolov9e-seg.pt,MOTS20-09,525,4113,197,661,4774,34280,5294,984,0.954292343387471,0.8615416841223292,0.9055482166446499,0.8903224424150247,0.5674049090368587,0.527401909823149,12455,0.788039960996787,0.8067148321291968,0.09583214060508727,0.7331240188383046,0.8639469555094397,0.8067148321291968,0.9081383343056777,0.8780704833327128,0.8930184418517125,0.06332863247028424,0.8460144927536232,0.9270080921088362,0.8930184418517125,0.9518579633114199
yolov9e-seg.pt,MOTS20-11,900,7212,602,1299,8511,68619,8656,842,0.922958791911953,0.8473739866055693,0.8835528330781011,0.8965131312749289,0.6674113584497305,0.5818630057009012,23893,0.8167154916779128,0.8377649213316694,0.09325175516596461,0.7723916307110511,0.8862356656182053,0.8377649213316694,0.9272902328528089,0.8960148359980267,0.9117215282550348,0.06048831366598596,0.8715812202598481,0.9396871045750849,0.9117215282550348,0.9622735766947895
