model,max_dets,ap50,ap75,map50_95,ignored_detections_at_ap50,ap50_abs_difference_from_1000,ap75_abs_difference_from_1000,map50_95_abs_difference_from_1000,converged
yolo26x-seg.pt,100,0.8914247379931812,0.6594682195035353,0.5913119168159136,2481,0.0,2.746867423297772e-05,9.904403667326811e-06,True
yolo26x-seg.pt,200,0.8914247379931812,0.6594407508293023,0.5913020124122462,2586,0.0,0.0,0.0,True
yolo26x-seg.pt,300,0.8914247379931812,0.6594407508293023,0.5913020124122462,2586,0.0,0.0,0.0,True
yolo26x-seg.pt,1000,0.8914247379931812,0.6594407508293023,0.5913020124122462,2586,0.0,0.0,0.0,True
yolo11x-seg.pt,100,0.869726178583301,0.5501213194371468,0.5222694869076595,2348,4.3305802598370136e-05,0.0,1.2180286767304871e-05,True
yolo11x-seg.pt,200,0.8696828727807027,0.5501213194371468,0.5222573066208922,2416,0.0,0.0,0.0,True
yolo11x-seg.pt,300,0.8696828727807027,0.5501213194371468,0.5222573066208922,2416,0.0,0.0,0.0,True
yolo11x-seg.pt,1000,0.8696828727807027,0.5501213194371468,0.5222573066208922,2416,0.0,0.0,0.0,True
yolov8x-seg.pt,100,0.8581125989783609,0.5291760591396858,0.5113113149963143,2525,0.0001671069304302053,0.0,8.438040969949157e-06,False
yolov8x-seg.pt,200,0.8582797059087911,0.5291760591396858,0.5113197530372843,2633,0.0,0.0,0.0,True
yolov8x-seg.pt,300,0.8582797059087911,0.5291760591396858,0.5113197530372843,2633,0.0,0.0,0.0,True
yolov8x-seg.pt,1000,0.8582797059087911,0.5291760591396858,0.5113197530372843,2633,0.0,0.0,0.0,True
yolov9e-seg.pt,100,0.8734699597099348,0.5421990971286696,0.5198198052789527,2599,5.319438809103794e-06,0.0,0.00016448455776918447,False
yolov9e-seg.pt,200,0.8734646402711257,0.5421990971286696,0.5199842898367218,2669,0.0,0.0,0.0,True
yolov9e-seg.pt,300,0.8734646402711257,0.5421990971286696,0.5199842898367218,2669,0.0,0.0,0.0,True
yolov9e-seg.pt,1000,0.8734646402711257,0.5421990971286696,0.5199842898367218,2669,0.0,0.0,0.0,True
