study_id,schema_version,experiment,tier,family,model,stage,mean_ms,median_ms,std_ms,p50_ms,p95_ms,repetitions,measured_frames,contamination_status
yolo_instance_segmentation_mots20_scaling,1.0,YOLO_Large_Seg_MOTS20_Benchmark,largest,YOLO26,YOLO26x-Seg,preprocessing,1.7167626899511863,1.892169937491417,0.464661784295447,1.892169937491417,2.2339110146276653,3,300,CLEAN
yolo_instance_segmentation_mots20_scaling,1.0,YOLO_Large_Seg_MOTS20_Benchmark,largest,YOLO26,YOLO26x-Seg,inference,72.45824582952385,72.41080002859235,2.948514540295626,72.41080002859235,77.5124221923761,3,300,CLEAN
yolo_instance_segmentation_mots20_scaling,1.0,YOLO_Large_Seg_MOTS20_Benchmark,largest,YOLO26,YOLO26x-Seg,postprocessing,35.46362601841489,34.887362038716674,21.141890684377817,34.887362038716674,68.0255068873521,3,300,CLEAN
yolo_instance_segmentation_mots20_scaling,1.0,YOLO_Large_Seg_MOTS20_Benchmark,largest,YOLO26,YOLO26x-Seg,pipeline,109.63863453788993,108.25321997981519,20.387884384645993,108.25321997981519,141.45580357289873,3,300,CLEAN
yolo_instance_segmentation_mots20_scaling,1.0,YOLO_Large_Seg_MOTS20_Benchmark,largest,YOLO26,YOLO26x-Seg,rle_preparation,205.00718040120168,193.09201394207776,135.15159051464005,193.09201394207776,414.7693427628838,3,300,CLEAN
yolo_instance_segmentation_mots20_scaling,1.0,YOLO_Large_Seg_MOTS20_Benchmark,largest,YOLO26,YOLO26x-Seg,ultralytics_postprocess_inclusive,25.006894808805857,24.514787015505135,14.690059514788578,24.514787015505135,47.82624538638629,3,300,CLEAN
yolo_instance_segmentation_mots20_scaling,1.0,YOLO_Large_Seg_MOTS20_Benchmark,largest,YOLO11,YOLO11x-Seg,preprocessing,1.6817618914258976,1.8771104514598846,0.4463950470803504,1.8771104514598846,2.152429352281615,3,300,CLEAN
yolo_instance_segmentation_mots20_scaling,1.0,YOLO_Large_Seg_MOTS20_Benchmark,largest,YOLO11,YOLO11x-Seg,inference,69.40603260455343,69.32149745989591,2.5951518051472395,69.32149745989591,73.66367133217864,3,300,CLEAN
yolo_instance_segmentation_mots20_scaling,1.0,YOLO_Large_Seg_MOTS20_Benchmark,largest,YOLO11,YOLO11x-Seg,postprocessing,34.79739082239879,35.06641200510785,20.684807773726153,35.06641200510785,66.8228063150309,3,300,CLEAN
yolo_instance_segmentation_mots20_scaling,1.0,YOLO_Large_Seg_MOTS20_Benchmark,largest,YOLO11,YOLO11x-Seg,pipeline,105.8851853183781,105.7572599966079,19.95579777841518,105.7572599966079,137.07756671356037,3,300,CLEAN
yolo_instance_segmentation_mots20_scaling,1.0,YOLO_Large_Seg_MOTS20_Benchmark,largest,YOLO11,YOLO11x-Seg,rle_preparation,195.78215693084834,196.3893930078484,124.5069363472894,196.3893930078484,395.22712748730555,3,300,CLEAN
yolo_instance_segmentation_mots20_scaling,1.0,YOLO_Large_Seg_MOTS20_Benchmark,largest,YOLO11,YOLO11x-Seg,ultralytics_postprocess_inclusive,24.32377590991867,24.613763962406665,13.921723213171969,24.613763962406665,46.90536530688405,3,300,CLEAN
yolo_instance_segmentation_mots20_scaling,1.0,YOLO_Large_Seg_MOTS20_Benchmark,largest,YOLOv9,YOLOv9e-Seg,preprocessing,1.6976542592359085,1.882335520349443,0.4473808885507152,1.882335520349443,2.133987337583676,3,300,CLEAN
yolo_instance_segmentation_mots20_scaling,1.0,YOLO_Large_Seg_MOTS20_Benchmark,largest,YOLOv9,YOLOv9e-Seg,inference,65.8879176088764,65.47189352568239,1.7955623659753566,65.47189352568239,69.70694710616954,3,300,CLEAN
yolo_instance_segmentation_mots20_scaling,1.0,YOLO_Large_Seg_MOTS20_Benchmark,largest,YOLOv9,YOLOv9e-Seg,postprocessing,35.790017519611865,37.73311199620366,19.837235940943273,37.73311199620366,62.16129051172175,3,300,CLEAN
yolo_instance_segmentation_mots20_scaling,1.0,YOLO_Large_Seg_MOTS20_Benchmark,largest,YOLOv9,YOLOv9e-Seg,pipeline,103.37558938772418,105.37048644619063,19.104957169023557,105.37048644619063,129.47158256429248,3,300,CLEAN
yolo_instance_segmentation_mots20_scaling,1.0,YOLO_Large_Seg_MOTS20_Benchmark,largest,YOLOv9,YOLOv9e-Seg,rle_preparation,215.13600670848973,231.61909345071763,131.79509158877772,231.61909345071763,394.28571080206893,3,300,CLEAN
yolo_instance_segmentation_mots20_scaling,1.0,YOLO_Large_Seg_MOTS20_Benchmark,largest,YOLOv9,YOLOv9e-Seg,ultralytics_postprocess_inclusive,24.84472477498154,26.218582992441952,13.586228089396748,26.218582992441952,42.941240477375686,3,300,CLEAN
yolo_instance_segmentation_mots20_scaling,1.0,YOLO_Large_Seg_MOTS20_Benchmark,largest,YOLOv8,YOLOv8x-Seg,preprocessing,1.7109290533699095,1.8951594829559326,0.4484185990893131,1.8951594829559326,2.155718789435924,3,300,CLEAN
yolo_instance_segmentation_mots20_scaling,1.0,YOLO_Large_Seg_MOTS20_Benchmark,largest,YOLOv8,YOLOv8x-Seg,inference,67.84281638412115,67.54667102359235,2.9995559670758762,67.54667102359235,73.06390318553895,3,300,CLEAN
yolo_instance_segmentation_mots20_scaling,1.0,YOLO_Large_Seg_MOTS20_Benchmark,largest,YOLOv8,YOLOv8x-Seg,postprocessing,39.887478031062834,41.12596053164452,22.6437704207964,41.12596053164452,72.27991710533388,3,300,CLEAN
yolo_instance_segmentation_mots20_scaling,1.0,YOLO_Large_Seg_MOTS20_Benchmark,largest,YOLOv8,YOLOv8x-Seg,pipeline,109.4412234685539,111.60842649405822,21.768410913994373,111.60842649405822,141.43426650553013,3,300,CLEAN
yolo_instance_segmentation_mots20_scaling,1.0,YOLO_Large_Seg_MOTS20_Benchmark,largest,YOLOv8,YOLOv8x-Seg,rle_preparation,232.7185331750661,240.9210245241411,144.79963841931664,240.9210245241411,449.3927799689118,3,300,CLEAN
yolo_instance_segmentation_mots20_scaling,1.0,YOLO_Large_Seg_MOTS20_Benchmark,largest,YOLOv8,YOLOv8x-Seg,ultralytics_postprocess_inclusive,28.017258798936382,29.072825505863875,15.507438386911957,29.072825505863875,50.353212567279115,3,300,CLEAN
